,TANK,Channel,pre_color1,pre_color2,pre_color3,pre_color4,pre_color5,pre_color6,pre_color7,pre_color8,pre_color9,pre_color10,t0_color1,t0_color2,t0_color3,t0_color4,t0_color5,t0_color6,t0_color7,t0_color8,t0_color9,t0_color10,t1_color1,t1_color2,t1_color3,t1_color4,t1_color5,t1_color6,t1_color7,t1_color8,t1_color9,t1_color10,t3_color1,t3_color2,t3_color3,t3_color4,t3_color5,t3_color6,t3_color7,t3_color8,t3_color9,t3_color10,t4_color1,t4_color2,t4_color3,t4_color4,t4_color5,t4_color6,t4_color7,t4_color8,t4_color9,t4_color10
KA1-1,6B,R,20,29,26,21,21,33,34,28,27,42,58,36,33,43,56,48,37,73,47,44,67,58,55,82,60,64,83,115,87,92,23,27,78,54,42,33,34,57,71,48,42,63,28,30,50,91,50,39,54,45
KA1-1,6B,G,16,23,16,14,18,26,25,20,19,37,49,25,21,33,50,38,27,49,38,34,49,44,37,60,48,41,66,85,65,74,18,23,59,46,37,30,28,47,58,39,32,48,21,21,42,77,37,31,38,39
KA1-1,6B,B,7,8,8,7,5,18,14,10,8,18,31,13,9,23,36,28,17,19,28,25,21,18,13,28,25,11,37,32,26,42,11,13,28,27,23,25,17,31,32,25,2,25,6,3,18,47,6,13,9,23
KA1-2,8A,R,31,19,26,19,27,39,40,36,26,41,50,37,35,38,34,48,48,29,51,35,42,45,50,40,64,52,41,64,53,38,29,28,38,29,24,35,36,29,58,39,,,,,,,,,,
KA1-2,8A,G,24,15,24,12,23,27,33,28,21,34,43,26,29,31,28,33,34,23,43,29,34,37,42,35,51,39,32,46,37,24,28,25,30,22,23,34,29,22,47,31,,,,,,,,,,
KA1-2,8A,B,18,10,10,6,14,17,26,18,18,25,25,10,12,15,10,14,20,10,32,16,15,17,20,14,32,15,15,15,16,7,24,18,14,9,18,29,16,10,26,19,,,,,,,,,,
KA3-1,6C,R,49,39,29,34,40,20,30,32,19,28,30,31,22,28,43,33,46,91,51,48,31,65,65,58,63,73,72,116,64,98,36,40,63,57,46,53,49,45,35,53,,,,,,,,,,
KA3-1,6C,G,50,30,23,22,23,12,19,25,12,18,22,17,12,21,33,21,35,64,41,39,22,50,51,44,53,58,56,93,46,71,29,31,54,47,37,42,42,37,28,46,,,,,,,,,,
KA3-1,6C,B,54,16,10,7,7,2,7,14,7,8,6,4,3,5,16,7,22,28,28,28,7,27,22,18,32,30,33,50,17,27,19,18,36,32,22,24,27,22,17,26,,,,,,,,,,
KA3-2,8C,R,36,76,37,41,62,39,50,70,45,29,39,40,35,42,48,25,34,54,46,36,82,43,67,69,69,71,99,49,105,94,47,24,40,68,41,63,44,96,26,32,46,69,36,80,63,59,94,70,57,36
KA3-2,8C,G,29,64,31,24,50,23,32,56,36,21,27,27,24,29,33,15,25,34,33,22,64,30,51,52,62,54,72,34,76,70,35,19,33,50,35,48,33,72,19,26,35,53,28,62,53,42,67,51,43,28
KA3-2,8C,B,16,52,18,9,42,6,15,28,27,13,10,14,11,17,19,5,9,10,17,10,40,6,25,24,37,26,42,16,35,32,17,10,15,21,16,26,18,36,10,13,14,26,7,31,32,9,22,24,11,8
KA4-1,6A,R,25,22,20,28,49,35,28,17,33,53,27,33,28,57,36,64,18,27,67,77,57,80,70,71,61,128,126,112,100,145,57,90,77,82,78,82,66,64,97,99,34,57,62,47,34,34,62,73,31,80
KA4-1,6A,G,19,16,13,22,41,26,22,10,22,42,15,20,20,39,29,48,11,17,51,51,37,64,49,52,40,96,96,77,74,116,37,64,57,60,55,63,43,45,74,74,22,49,49,38,23,23,44,52,21,54
KA4-1,6A,B,12,10,8,13,30,16,11,4,13,33,6,7,13,17,11,33,3,7,33,21,11,34,23,26,17,50,57,24,37,62,10,32,19,20,24,29,12,17,40,34,4,15,19,13,4,3,14,21,4,24
KA4-2,8C,R,37,20,29,38,35,32,30,47,34,65,48,82,46,37,29,58,65,32,55,66,71,75,63,97,72,88,90,102,82,110,74,100,68,78,99,87,39,40,52,118,,,,,,,,,,
KA4-2,8C,G,28,13,21,33,29,21,22,30,25,41,39,53,33,24,15,41,52,23,36,39,54,62,48,67,50,59,64,72,60,81,58,80,51,60,73,64,30,31,40,95,,,,,,,,,,
KA4-2,8C,B,21,7,10,21,10,8,15,18,16,18,24,13,20,10,3,22,41,4,13,10,21,31,19,24,20,14,23,24,23,39,33,47,24,33,44,26,14,13,22,56,,,,,,,,,,
KA5-1,6A,R,28,49,35,46,32,55,60,33,50,48,43,7,27,29,23,42,54,49,50,59,80,44,80,76,62,111,115,66,73,75,73,63,78,67,84,67,40,61,80,86,,,,,,,,,,
KA5-1,6A,G,24,41,22,35,27,45,51,24,37,37,37,4,17,23,15,34,42,40,32,41,62,31,59,55,45,86,91,49,55,57,53,51,59,51,66,50,30,48,63,61,,,,,,,,,,
KA5-1,6A,B,13,32,12,28,18,35,46,19,31,27,26,0,8,13,7,26,34,35,6,21,40,13,25,28,24,58,57,27,25,33,29,18,28,28,38,19,17,25,34,28,,,,,,,,,,
KA5-2,8A,R,25,39,49,48,36,31,54,68,38,45,57,47,44,44,65,68,43,45,59,75,64,70,63,84,59,92,104,126,62,89,52,66,32,56,80,34,30,57,86,85,87,28,67,45,58,57,55,93,78,41
KA5-2,8A,G,15,31,41,43,28,21,44,60,28,36,45,31,27,28,47,50,24,30,45,55,50,51,48,63,42,70,81,98,53,68,39,49,27,38,60,26,24,43,62,58,58,20,52,29,40,44,37,69,61,30
KA5-2,8A,B,5,20,33,29,18,12,33,53,18,28,28,9,12,13,31,33,10,14,32,28,18,21,20,24,12,35,49,57,29,30,23,30,16,16,32,15,14,21,33,26,27,4,19,4,15,22,10,38,31,12
KA6-1,6C,R,32,34,35,37,22,38,34,33,41,37,43,53,64,54,61,39,51,72,52,56,76,67,74,59,74,144,91,96,87,116,60,124,39,43,23,49,101,57,87,86,40,69,77,65,68,63,77,87,78,71
KA6-1,6C,G,26,26,28,29,14,28,24,26,33,27,32,35,41,35,35,25,39,46,37,41,61,53,54,44,59,110,64,72,64,85,48,97,29,33,18,38,85,44,75,77,29,54,58,45,52,43,57,63,56,52
KA6-1,6C,B,15,15,20,19,6,18,18,16,27,19,21,18,23,10,9,12,27,20,27,26,35,28,29,16,33,57,23,38,29,40,27,55,14,21,11,18,55,21,58,57,5,23,25,13,24,15,22,18,24,17
KA6-2,8B,R,41,25,25,40,19,49,38,53,64,53,45,34,47,69,39,59,59,64,52,52,60,64,94,48,27,100,100,122,72,111,49,83,59,52,87,43,23,62,29,69,,,,,,,,,,
KA6-2,8B,G,26,17,18,30,10,38,28,41,48,39,28,32,41,54,26,46,42,44,36,40,43,50,73,34,15,71,76,96,53,81,40,64,40,34,68,32,17,49,22,52,,,,,,,,,,
KA6-2,8B,B,12,6,5,17,2,27,17,28,29,25,10,14,22,33,14,30,28,27,20,28,13,26,32,6,2,29,33,39,14,35,19,32,13,10,36,13,5,26,8,23,,,,,,,,,,
KA7-1,6B,R,22,34,43,33,36,40,60,32,60,32,53,46,32,91,53,63,27,32,66,54,46,115,87,89,58,94,90,141,43,56,65,30,49,65,63,56,38,93,81,64,,,,,,,,,,
KA7-1,6B,G,15,26,38,34,32,34,54,27,54,25,38,39,23,74,47,54,19,28,53,41,35,99,76,75,46,72,62,119,30,51,55,26,41,59,54,51,33,82,69,54,,,,,,,,,,
KA7-1,6B,B,9,15,27,13,20,28,45,16,45,12,21,32,11,39,24,43,9,20,39,25,15,74,55,52,20,43,27,65,12,20,41,18,23,47,42,31,23,56,47,36,,,,,,,,,,
KA7-2,8B,R,35,61,25,25,41,30,45,23,56,34,45,41,57,34,45,43,42,117,53,39,53,61,71,125,82,109,96,97,72,97,35,45,51,58,31,24,40,44,55,34,34,34,89,81,72,58,97,74,63,92
KA7-2,8B,G,31,44,16,19,36,22,31,14,45,25,28,25,49,29,37,28,31,88,36,24,43,42,54,106,65,83,79,75,54,74,29,37,40,42,25,18,30,30,38,26,27,27,65,63,59,42,68,57,46,63
KA7-2,8B,B,21,29,8,8,20,12,20,6,30,16,10,10,21,11,18,11,21,48,20,9,15,14,26,66,38,52,51,45,26,38,15,19,18,17,11,5,10,9,14,13,7,8,25,22,26,11,27,30,18,23
KB13-1,6B,R,16,33,35,32,38,20,14,45,26,31,28,34,49,57,40,50,39,43,50,39,51,81,48,67,89,85,86,99,94,29,85,80,68,13,29,76,83,81,102,109,,,,,,,,,,
KB13-1,6B,G,9,24,27,20,26,9,9,43,17,22,19,22,30,38,29,37,21,24,31,22,34,61,33,44,61,57,60,68,68,20,59,62,52,12,22,56,59,58,74,84,,,,,,,,,,
KB13-1,6B,B,3,15,16,5,13,2,5,11,9,12,10,8,12,23,12,27,5,7,15,7,12,34,12,16,32,14,21,22,26,3,23,34,34,7,12,33,28,24,35,53,,,,,,,,,,
KB13-2,8A,R,50,32,51,16,21,36,35,22,31,45,63,33,36,36,41,35,41,49,51,37,79,73,88,90,72,37,125,85,108,76,29,32,69,67,77,44,38,113,82,75,,,,,,,,,,
KB13-2,8A,G,30,16,42,9,12,17,19,12,14,25,38,19,21,22,24,30,23,30,30,21,56,51,62,59,49,26,91,61,76,54,26,25,55,51,52,33,30,82,60,56,,,,,,,,,,
KB13-2,8A,B,6,4,31,1,2,3,3,3,4,4,20,5,7,8,8,24,7,6,6,6,20,12,25,17,14,11,28,15,36,16,19,16,34,26,21,18,18,44,30,27,,,,,,,,,,
KB19-1,6A,R,26,36,19,27,37,30,18,19,34,39,25,34,52,30,30,34,27,19,24,19,83,62,61,55,54,75,46,40,71,74,25,28,41,24,35,34,27,32,38,14,,,,,,,,,,
KB19-1,6A,G,16,27,11,20,24,23,11,13,23,31,16,26,41,19,18,25,17,10,14,11,65,41,43,38,37,56,30,28,53,53,16,19,29,15,24,27,18,24,27,11,,,,,,,,,,
KB19-1,6A,B,7,20,4,11,9,15,5,4,8,22,4,15,28,6,4,15,7,2,7,3,33,13,22,15,14,25,13,6,14,17,4,7,13,4,8,15,5,14,11,5,,,,,,,,,,
KB19-2,8C,R,28,40,68,19,36,28,22,22,31,30,32,41,44,47,51,50,55,34,46,51,94,87,66,91,80,122,104,130,112,59,46,62,51,45,48,40,23,32,36,60,53,51,63,47,53,51,39,57,74,62
KB19-2,8C,G,15,27,55,9,26,16,11,14,17,22,20,24,28,29,34,37,38,19,33,35,69,61,47,72,60,97,81,103,85,40,36,47,38,33,41,32,19,26,28,47,41,43,47,37,44,37,29,43,53,46
KB19-2,8C,B,2,11,32,1,13,2,1,4,3,10,5,8,5,8,9,20,12,4,18,20,28,16,17,32,18,31,35,49,38,9,12,21,16,15,22,16,9,14,12,21,12,20,14,8,21,7,4,20,13,19
KB22-1,6C,R,34,53,31,35,22,42,57,18,58,37,34,45,47,54,36,53,58,74,75,49,80,119,111,83,97,115,109,137,106,118,93,87,25,45,88,67,104,131,66,92,30,62,76,110,78,43,106,42,42,100
KB22-1,6C,G,17,34,16,20,12,21,35,9,31,19,20,25,29,29,20,32,32,49,49,27,49,78,70,51,60,77,72,96,71,82,63,58,18,32,60,45,79,92,43,61,22,47,56,73,48,25,70,30,27,66
KB22-1,6C,B,4,19,4,5,4,3,17,2,9,4,7,8,16,7,6,6,7,22,24,5,14,40,20,15,23,24,26,44,27,22,25,21,8,16,25,19,41,42,16,24,3,18,25,29,11,4,23,12,6,20
KB22-2,8A,R,45,48,27,35,26,81,45,60,59,50,50,67,52,56,55,79,86,81,117,75,88,63,39,87,38,127,98,102,141,65,103,71,31,27,89,96,101,95,31,62,,,,,,,,,,
KB22-2,8A,G,27,29,14,20,14,51,26,35,41,32,28,46,31,33,34,46,57,54,97,49,54,40,24,59,23,93,70,79,102,46,83,49,23,19,64,69,69,64,24,41,,,,,,,,,,
KB22-2,8A,B,11,11,4,8,5,30,9,11,27,18,10,25,9,10,10,12,26,26,75,22,17,9,4,24,8,42,21,38,46,14,53,29,13,9,24,34,28,26,12,17,,,,,,,,,,
KB28-1,6A,R,35,29,34,41,41,59,52,21,38,41,31,50,44,29,11,75,76,66,51,41,50,110,78,97,83,160,130,109,139,115,119,107,48,40,82,78,60,72,37,100,,,,,,,,,,
KB28-1,6A,G,28,16,20,25,24,32,33,9,22,22,21,33,34,20,8,47,52,42,29,22,35,83,54,64,68,123,95,82,100,86,88,71,33,27,48,55,42,50,29,71,,,,,,,,,,
KB28-1,6A,B,18,7,7,18,13,9,20,3,12,8,11,17,24,9,3,19,26,16,7,5,12,41,23,21,39,55,35,32,43,33,40,19,10,9,12,15,11,13,8,18,,,,,,,,,,
KB28-2,8B,R,13,19,34,16,22,53,48,67,44,19,48,57,73,43,37,84,74,122,41,49,129,67,52,71,138,182,172,157,142,102,63,42,52,45,124,121,51,54,125,48,81,27,126,115,41,74,78,116,35,24
KB28-2,8B,G,6,11,19,9,14,34,27,39,28,14,27,49,44,25,29,47,48,110,22,35,93,50,39,54,104,152,139,121,117,81,46,26,38,31,95,92,36,45,93,40,53,19,96,88,23,49,50,87,29,15
KB28-2,8B,B,3,3,5,4,3,15,6,11,13,5,8,46,14,14,18,7,21,95,6,22,39,17,12,24,51,83,60,52,51,40,19,11,15,11,43,48,16,32,42,28,23,4,42,38,4,18,15,38,9,2
KB39-1,6B,R,21,16,37,22,35,43,37,20,22,43,48,43,57,50,30,37,48,37,30,45,64,63,54,72,57,67,91,88,65,78,57,52,46,57,28,42,39,57,34,52,28,60,37,44,27,25,63,47,71,57
KB39-1,6B,G,12,9,29,13,30,39,26,12,13,32,32,25,43,31,16,21,28,27,20,31,47,43,36,51,37,48,62,66,46,58,44,38,33,40,24,31,29,41,26,37,19,44,25,35,19,16,45,34,55,45
KB39-1,6B,B,3,5,18,5,25,33,15,4,6,17,19,11,33,16,4,5,5,15,10,19,21,16,12,14,10,21,20,28,22,32,25,18,15,18,15,15,18,19,17,20,4,19,4,18,3,1,9,7,30,20
KB39-2,8C,R,21,49,33,43,13,26,27,13,57,51,101,53,50,46,73,45,38,35,57,54,65,61,64,52,70,72,64,59,46,44,27,37,34,27,54,32,24,37,29,47,41,58,57,67,49,27,29,53,52,81
KB39-2,8C,G,15,42,24,36,7,19,20,8,50,38,94,41,37,38,63,33,31,19,35,45,46,42,43,35,52,54,46,41,30,29,24,30,26,21,44,25,21,29,26,41,32,45,46,51,38,19,20,37,40,63
KB39-2,8C,B,8,35,16,27,2,9,10,3,38,22,82,27,24,25,53,23,20,5,8,34,16,14,11,9,28,27,16,16,7,5,16,15,14,14,28,14,12,19,17,30,13,17,26,25,21,6,8,16,21,38
KB7-1,6C,R,48,38,46,20,53,50,24,41,41,57,49,65,45,27,44,69,47,55,47,65,96,111,60,94,116,146,116,122,130,144,84,52,38,25,100,71,84,67,24,68,86,97,58,62,36,30,45,67,95,110
KB7-1,6C,G,40,27,30,15,36,26,15,24,24,33,36,45,27,19,26,48,29,35,29,42,71,78,41,67,82,109,86,98,94,102,63,42,30,19,69,50,68,49,18,44,62,72,46,46,23,20,34,51,66,78
KB7-1,6C,B,27,11,15,3,12,4,2,9,9,9,22,21,7,7,12,25,9,13,8,18,38,42,10,33,42,33,26,47,42,36,28,25,18,12,27,20,45,23,11,18,24,29,16,22,4,4,16,26,17,31
KB7-2,8B,R,46,48,34,46,29,29,42,44,39,38,41,45,41,51,48,51,50,66,47,72,75,96,59,55,83,119,139,86,97,74,100,95,93,48,115,89,76,62,56,81,,,,,,,,,,
KB7-2,8B,G,28,31,20,32,19,14,26,26,29,19,23,27,25,31,31,34,30,43,29,48,52,68,37,38,61,90,107,58,71,55,74,73,73,37,84,66,54,52,41,62,,,,,,,,,,
KB7-2,8B,B,7,19,5,14,4,3,10,10,5,2,5,7,6,7,10,5,4,9,7,17,14,21,7,14,28,39,55,15,22,17,34,34,36,15,35,24,22,26,16,30,,,,,,,,,,
KE13-1,6B,R,34,21,23,38,46,20,31,30,19,43,30,30,74,44,30,33,27,43,51,50,62,69,55,66,45,58,65,80,76,65,104,80,55,86,63,40,79,93,133,74,,,,,,,,,,
KE13-1,6B,G,27,14,15,33,36,13,24,24,13,36,20,22,71,30,22,25,19,26,37,32,37,50,39,49,30,40,47,59,50,41,71,61,46,63,49,31,54,70,92,57,,,,,,,,,,
KE13-1,6B,B,17,4,5,22,23,3,16,10,3,8,8,10,63,13,9,13,6,9,22,11,11,27,24,30,14,19,23,31,21,10,29,35,28,32,29,14,25,39,44,31,,,,,,,,,,
KE13-2,8C,R,33,23,24,16,34,33,15,16,29,26,53,33,42,33,41,39,39,29,41,44,44,42,54,65,58,74,73,74,79,77,41,89,37,41,32,55,45,43,41,59,36,52,66,92,59,65,58,55,45,81
KE13-2,8C,G,26,17,16,9,29,29,8,9,17,16,40,24,29,21,34,31,33,17,35,34,28,26,37,49,41,57,53,58,57,60,34,72,32,33,26,48,37,34,32,43,26,40,50,73,47,49,42,43,34,67
KE13-2,8C,B,16,7,7,2,19,18,1,3,5,5,24,12,16,10,24,18,19,3,21,22,7,7,12,27,14,31,14,31,20,32,18,43,16,17,13,31,18,17,15,21,8,13,22,44,28,23,16,22,9,50
KE14-1,6C,R,32,32,24,34,37,31,30,55,30,39,53,35,97,42,39,37,43,96,28,46,60,66,71,50,55,104,71,93,106,53,47,70,65,56,50,161,43,58,71,56,54,116,32,70,88,65,64,76,95,23
KE14-1,6C,G,20,23,14,19,28,18,17,37,23,26,32,24,70,27,25,25,25,60,20,30,40,45,50,33,38,65,49,67,74,36,39,54,52,42,38,126,35,44,55,42,39,89,24,54,61,49,45,53,69,15
KE14-1,6C,B,9,12,6,9,20,5,3,17,13,10,8,14,38,10,10,8,8,26,7,10,17,20,27,9,12,18,24,32,36,10,23,30,29,23,23,73,23,27,30,23,19,55,14,34,20,26,14,22,35,2
KE14-2,8B,R,19,37,21,21,26,45,35,54,37,37,28,46,49,43,48,61,49,47,42,63,61,66,80,67,44,74,78,74,75,46,82,56,69,61,66,25,18,71,65,54,,,,,,,,,,
KE14-2,8B,G,11,25,12,11,13,29,25,36,23,24,17,36,37,24,27,44,35,33,23,45,37,45,62,48,26,53,53,54,47,28,58,38,46,46,49,18,14,51,52,38,,,,,,,,,,
KE14-2,8B,B,5,15,3,3,3,14,14,17,10,11,6,25,24,6,7,23,22,19,5,24,9,10,46,31,5,24,18,27,11,6,31,17,15,24,20,6,5,22,25,14,,,,,,,,,,
KE22-1,6C,R,17,43,30,36,25,19,50,21,27,17,83,34,37,26,22,42,22,28,44,55,43,56,76,112,66,118,59,58,95,70,39,37,31,23,23,42,38,37,34,31,50,62,81,58,44,72,47,57,64,61
KE22-1,6C,G,9,25,15,27,15,12,33,13,20,10,76,21,31,16,13,34,14,19,34,38,28,38,58,80,52,88,43,41,66,45,32,29,23,17,19,33,29,26,28,24,33,46,57,43,31,47,34,44,45,46
KE22-1,6C,B,4,9,5,18,5,5,14,4,10,4,71,9,20,5,4,21,6,11,25,21,12,16,37,46,35,38,22,15,23,17,19,16,14,9,11,19,14,13,17,14,4,19,14,18,10,17,12,17,12,20
KE22-2,8A,R,21,24,22,24,35,22,40,47,38,34,96,59,97,45,45,35,46,49,25,55,57,27,60,41,54,68,62,45,57,17,46,21,33,15,37,41,46,86,32,38,,,,,,,,,,
KE22-2,8A,G,16,17,12,19,27,15,26,26,25,23,89,45,94,28,28,23,31,30,17,42,41,16,45,30,46,50,47,27,34,10,33,17,25,10,24,27,35,74,22,27,,,,,,,,,,
KE22-2,8A,B,5,7,5,9,17,7,12,11,13,12,83,32,82,12,14,9,17,9,6,29,25,6,28,16,36,30,25,5,7,2,17,11,10,3,8,11,19,59,10,12,,,,,,,,,,
KE23-1,6B,R,33,40,34,31,37,52,53,46,48,67,59,32,32,34,41,42,55,70,51,38,82,91,51,62,48,118,71,111,127,107,58,53,101,67,95,72,60,43,113,41,,,,,,,,,,
KE23-1,6B,G,20,21,18,17,21,29,34,28,26,41,34,19,19,22,25,25,29,40,29,20,56,66,33,43,29,75,44,77,85,74,38,36,67,46,61,47,40,27,75,30,,,,,,,,,,
KE23-1,6B,B,8,5,5,5,6,8,17,6,5,16,11,7,7,9,12,8,8,9,9,5,32,43,19,24,11,23,14,39,38,31,17,16,28,21,20,18,15,11,33,17,,,,,,,,,,
KE23-2,8C,R,34,34,41,43,24,42,76,53,39,57,47,75,86,55,47,53,54,63,89,90,70,60,70,64,73,109,102,92,78,108,118,92,61,82,78,50,101,92,50,91,127,91,57,55,75,103,100,90,87,87
KE23-2,8C,G,18,17,24,24,16,24,40,43,20,47,37,70,54,46,26,31,41,43,80,83,51,42,49,48,53,78,72,66,54,74,78,67,44,61,56,38,68,67,38,67,79,60,34,33,49,68,63,58,56,56
KE23-2,8C,B,3,4,11,7,6,6,12,23,3,9,26,73,24,37,9,9,26,23,71,82,28,23,27,30,28,34,34,32,25,30,30,30,18,34,27,19,31,35,19,31,17,20,5,8,12,23,18,14,12,14
KE31-1,6A,R,40,81,40,38,28,50,41,48,39,30,48,32,34,26,28,44,49,44,59,29,37,42,33,31,39,54,77,69,35,40,58,51,59,59,60,52,29,45,51,62,,,,,,,,,,
KE31-1,6A,G,34,81,32,32,21,44,33,43,34,23,31,19,23,15,15,31,36,33,40,21,27,29,22,20,26,37,48,50,24,28,41,36,44,42,43,43,19,30,39,45,,,,,,,,,,
KE31-1,6A,B,29,79,21,26,16,38,24,37,28,13,20,8,12,7,6,21,23,21,25,10,15,13,11,8,13,18,18,30,13,17,16,20,23,15,17,26,6,8,24,19,,,,,,,,,,
KE31-2,8A,R,26,18,44,17,11,34,58,36,48,37,67,46,48,39,48,33,38,42,35,67,52,30,41,47,35,46,41,71,74,43,41,35,31,40,83,61,31,30,39,45,135,54,35,40,70,47,38,140,43,53
KE31-2,8A,G,22,13,41,14,9,29,45,29,41,34,58,31,35,25,35,20,28,32,21,59,38,20,29,35,25,32,33,55,46,28,35,29,25,33,69,41,25,25,33,38,119,39,26,32,53,34,29,106,35,37
KE31-2,8A,B,19,6,36,8,3,21,31,16,33,29,47,14,19,13,20,8,15,20,9,46,26,5,15,21,8,15,15,33,10,5,22,17,15,19,45,16,14,15,19,22,81,20,7,11,27,18,11,39,14,14
KE9-1,6A,R,,,,,,,,,,,36,28,33,36,32,38,38,43,38,48,48,70,52,54,40,75,85,77,69,43,68,48,45,48,45,72,48,15,34,43,36,33,51,50,67,24,60,49,56,54
KE9-1,6A,G,,,,,,,,,,,23,18,18,23,18,30,29,35,23,32,32,53,35,40,25,59,59,63,49,31,52,39,31,39,28,54,34,10,27,35,27,22,36,36,48,16,43,35,40,43
KE9-1,6A,B,,,,,,,,,,,10,8,7,9,7,19,18,23,9,16,14,38,12,25,8,34,25,37,18,7,28,20,11,18,8,29,10,3,8,20,7,3,13,13,21,3,16,12,17,23
KE9-2,8B,R,24,36,22,23,19,36,37,16,19,16,45,37,59,40,66,36,40,69,48,47,59,55,66,86,77,109,65,60,95,88,38,24,27,24,54,29,47,26,41,26,,,,,,,,,,
KE9-2,8B,G,15,27,15,13,12,24,23,10,12,9,38,25,41,29,59,22,25,46,29,40,36,35,41,60,57,77,46,43,66,63,29,19,21,21,38,23,34,20,29,20,,,,,,,,,,
KE9-2,8B,B,4,15,6,4,3,8,7,4,4,3,28,7,21,13,53,7,8,17,7,29,11,12,11,28,28,28,17,16,29,25,13,9,9,10,15,11,17,9,15,9,,,,,,,,,,
KF12-1,6B,R,16,31,16,26,44,21,31,14,24,24,31,25,26,46,34,47,41,33,34,37,60,64,57,48,42,77,64,85,75,77,65,56,62,36,34,50,36,50,43,74,67,50,100,43,39,51,85,32,61,61
KF12-1,6B,G,10,26,10,20,37,14,23,7,19,16,24,17,18,35,27,35,27,24,24,25,43,46,42,39,30,60,49,70,57,58,57,49,54,29,26,40,30,39,35,66,52,39,88,36,30,41,72,23,45,45
KF12-1,6B,B,5,20,5,13,30,6,11,4,15,4,19,8,7,24,17,19,11,7,15,12,21,23,23,23,15,36,24,40,27,25,37,33,40,17,16,20,17,19,16,42,18,17,45,17,13,15,27,4,19,20
KF12-2,8B,R,36,14,24,21,48,32,15,56,51,46,20,28,28,32,32,34,37,43,52,47,42,47,45,31,74,48,72,53,57,42,48,51,39,65,84,25,37,60,78,75,,,,,,,,,,
KF12-2,8B,G,29,10,18,14,40,19,10,48,45,28,13,20,22,25,24,26,27,35,40,38,27,37,33,23,56,36,56,42,44,34,37,45,32,49,60,18,28,54,70,51,,,,,,,,,,
KF12-2,8B,B,18,5,11,5,29,13,4,36,34,14,4,8,11,15,14,13,14,23,23,21,7,20,19,11,27,7,22,23,18,11,21,28,14,29,33,6,12,31,56,21,,,,,,,,,,
KF16-1,6A,R,14,27,27,18,17,32,19,37,20,28,63,43,47,21,34,38,36,40,44,51,44,35,35,26,34,109,65,53,73,66,33,48,81,69,70,51,61,76,70,95,,,,,,,,,,
KF16-1,6A,G,10,19,18,15,11,19,11,30,16,22,41,26,36,13,23,28,28,31,31,35,28,25,22,16,21,86,50,40,56,48,24,36,64,52,56,44,53,63,55,78,,,,,,,,,,
KF16-1,6A,B,3,10,9,10,6,8,6,21,11,11,18,6,22,8,11,16,15,17,15,16,12,9,7,1,4,41,27,15,31,23,5,13,33,27,33,25,31,34,29,47,,,,,,,,,,
KF16-2,8B,R,31,15,19,29,28,32,27,35,31,51,38,29,38,43,48,41,45,47,46,64,64,50,61,54,56,80,60,94,67,63,41,24,36,32,44,60,32,40,41,42,52,71,72,78,151,67,71,98,42,107
KF16-2,8B,G,26,10,13,21,22,23,19,26,23,41,23,20,25,28,31,29,29,35,30,43,47,38,46,43,40,58,42,72,53,47,29,18,29,28,37,50,26,31,30,34,37,54,54,60,133,55,53,83,32,87
KF16-2,8B,B,20,6,8,9,12,11,6,13,13,30,7,9,8,11,13,10,8,15,13,14,20,14,26,26,17,21,15,40,34,16,11,4,10,16,23,30,13,14,13,17,9,20,19,24,103,17,17,53,9,58
KF19-1,6A,R,34,35,18,44,47,49,26,34,24,42,44,35,32,47,37,37,48,39,35,37,34,66,52,40,41,48,57,42,39,32,48,46,28,80,36,38,87,54,73,81,99,66,71,31,65,63,49,37,36,75
KF19-1,6A,G,27,27,14,39,39,44,16,28,15,35,29,27,23,32,29,28,34,25,23,29,18,51,34,26,27,40,41,27,30,23,31,33,21,65,28,33,72,40,62,62,75,47,44,19,50,54,37,28,23,61
KF19-1,6A,B,21,23,9,35,29,40,11,17,7,29,15,16,13,15,18,17,14,10,9,19,2,31,12,10,10,27,17,11,13,10,9,15,7,43,14,17,49,26,45,34,35,21,12,3,19,16,15,6,4,27
KF19-2,8A,R,37,30,26,47,30,23,23,26,38,22,27,35,34,58,42,41,27,43,60,35,36,49,32,58,40,60,58,42,36,32,42,48,45,73,51,23,33,69,58,60,28,64,45,49,44,65,51,51,71,48
KF19-2,8A,G,33,23,19,41,20,20,16,18,32,15,19,27,26,40,29,24,20,29,44,24,23,36,24,44,24,40,49,28,22,21,36,42,37,58,37,18,26,54,44,49,14,46,32,34,35,51,34,34,53,31
KF19-2,8A,B,27,16,13,37,10,15,10,9,26,9,9,15,14,22,11,9,8,17,28,14,8,20,13,27,8,12,32,15,9,7,21,24,20,31,16,7,11,23,17,25,2,20,10,12,19,20,18,11,23,10
KF23-1,6B,R,46,22,42,29,38,31,52,35,19,34,22,30,39,25,21,35,56,34,37,41,24,57,41,67,55,54,51,102,29,49,30,32,27,40,42,78,44,38,36,26,,,,,,,,,,
KF23-1,6B,G,42,15,39,23,31,26,48,28,12,26,14,21,27,15,14,23,39,25,23,29,14,40,30,55,38,41,35,79,17,41,25,28,22,34,35,66,36,31,29,23,,,,,,,,,,
KF23-1,6B,B,35,8,32,13,23,18,39,16,6,16,5,9,14,8,6,9,14,16,9,17,4,16,14,36,13,24,11,42,3,24,13,17,12,18,20,44,22,17,15,13,,,,,,,,,,
KF23-2,8C,R,35,60,38,36,27,41,33,30,44,62,37,45,47,48,38,29,24,34,37,30,47,40,42,52,55,50,34,44,40,49,32,27,47,51,58,77,46,50,37,51,,,,,,,,,,
KF23-2,8C,G,30,58,28,30,20,37,26,27,28,51,30,31,32,29,25,25,17,24,24,20,34,27,27,34,43,41,27,29,31,31,27,22,41,40,46,62,41,42,36,43,,,,,,,,,,
KF23-2,8C,B,25,51,14,19,10,30,15,20,7,30,18,16,15,9,15,18,5,10,8,9,16,10,9,14,24,22,13,9,12,8,19,15,31,27,29,41,32,29,28,32,,,,,,,,,,
KF7-1,6C,R,48,37,22,39,24,19,32,73,48,32,31,37,43,32,53,63,59,40,54,54,57,57,48,75,36,56,82,55,88,52,35,32,78,74,45,42,58,117,71,48,96,52,104,93,53,77,113,87,105,61
KF7-1,6C,G,35,32,15,25,17,12,23,52,42,24,22,26,30,22,37,49,39,27,41,38,41,40,31,57,23,39,63,39,70,37,26,24,64,59,40,35,45,89,60,40,80,39,90,79,44,71,95,71,87,50
KF7-1,6C,B,19,25,6,14,7,3,8,18,28,12,10,11,15,11,16,29,11,7,20,17,19,13,11,30,6,14,36,15,40,12,12,10,35,40,29,24,23,48,39,23,31,12,41,42,16,53,49,46,39,22
KF7-2,8A,R,32,35,30,41,45,36,34,54,36,27,76,40,51,59,45,62,38,69,56,40,47,54,50,53,85,63,43,69,38,60,47,48,41,27,73,20,48,55,59,31,,,,,,,,,,
KF7-2,8A,G,24,30,21,36,36,30,27,47,27,20,69,30,38,46,32,41,25,53,47,27,36,39,40,39,70,48,31,50,25,43,37,36,34,21,59,17,41,43,45,26,,,,,,,,,,
KF7-2,8A,B,14,21,8,28,23,18,15,36,17,5,64,18,22,30,12,15,9,29,27,9,18,19,21,18,47,31,8,21,7,14,20,19,17,9,33,10,23,21,26,13,,,,,,,,,,
KF9-1,6C,R,17,28,23,18,14,31,34,37,43,37,26,24,43,31,31,38,44,44,27,35,51,43,54,56,35,62,53,46,59,53,39,40,30,35,19,35,64,59,29,83,,,,,,,,,,
KF9-1,6C,G,10,21,18,15,8,25,21,25,34,28,17,16,34,21,23,26,29,29,18,26,34,27,43,38,26,45,38,33,41,38,29,32,26,29,14,28,55,51,25,71,,,,,,,,,,
KF9-1,6C,B,3,12,10,9,3,17,6,11,21,14,10,6,24,8,11,10,16,13,6,14,16,10,30,15,13,20,16,12,16,17,14,16,16,17,10,18,40,29,18,59,,,,,,,,,,
KF9-2,8C,R,39,35,12,55,47,23,21,61,31,42,37,28,42,46,28,28,34,44,59,28,60,64,64,63,65,80,64,67,70,59,36,32,44,44,51,49,42,44,62,62,65,68,43,86,108,64,59,89,82,106
KF9-2,8C,G,34,28,8,35,39,13,11,58,25,33,25,18,30,37,20,19,23,33,42,20,44,46,49,43,48,63,48,50,53,43,29,23,32,32,36,40,36,37,41,42,45,45,36,73,84,45,43,64,62,89
KF9-2,8C,B,23,23,3,14,28,4,4,53,19,21,12,8,18,21,11,9,10,23,15,9,28,25,32,15,20,33,26,19,26,20,13,12,16,17,17,21,23,18,17,17,21,13,16,34,39,16,19,33,27,40
KG1-1,6B,R,24,35,50,36,50,43,47,74,64,49,30,41,29,46,38,46,41,57,34,41,50,64,82,48,36,65,80,76,54,54,84,97,91,46,112,104,107,63,73,118,,,,,,,,,,
KG1-1,6B,G,16,29,40,27,40,35,41,47,34,42,20,33,18,44,37,38,33,44,24,28,38,47,67,33,29,52,65,55,41,38,73,77,77,37,80,70,74,45,46,74,,,,,,,,,,
KG1-1,6B,B,6,18,26,8,31,26,16,25,6,35,4,15,7,23,22,31,24,31,15,16,16,19,43,11,11,17,36,23,17,11,39,36,50,20,48,33,37,23,17,24,,,,,,,,,,
KG1-2,8A,R,16,27,24,29,70,41,56,40,65,43,44,41,33,53,32,43,46,45,39,64,59,36,49,54,41,34,44,54,56,40,36,60,108,46,112,62,55,42,52,97,115,123,82,67,124,44,59,75,117,56
KG1-2,8A,G,12,24,20,18,48,27,44,29,61,34,31,43,26,41,23,31,33,37,29,52,43,29,39,41,26,26,35,39,41,28,28,36,71,28,101,47,37,34,35,66,75,88,56,48,103,32,41,51,80,42
KG1-2,8A,B,5,7,7,8,19,15,20,16,49,25,13,19,13,28,11,18,17,26,17,42,18,10,21,20,9,8,15,20,15,9,11,11,19,10,79,18,10,22,12,22,20,44,23,14,40,7,14,17,27,17
KG12-1,6C,R,36,27,42,37,35,43,29,80,26,30,24,33,37,29,47,42,27,48,52,39,92,68,38,48,38,71,156,64,143,59,52,49,30,27,31,67,58,26,51,22,,,,,,,,,,
KG12-1,6C,G,23,20,34,31,24,33,15,49,17,20,19,27,27,17,38,29,18,31,34,27,70,46,30,38,29,50,146,44,107,42,44,40,26,22,23,49,44,22,35,16,,,,,,,,,,
KG12-1,6C,B,11,10,22,18,11,21,6,7,8,11,8,11,13,6,28,17,13,19,17,15,39,18,9,15,11,23,137,17,53,15,20,17,14,13,11,26,20,15,16,9,,,,,,,,,,
KG12-2,8C,R,36,38,28,25,28,41,38,34,39,28,35,46,28,61,40,30,28,28,33,53,67,65,61,55,70,116,53,80,68,60,58,45,48,66,54,59,40,47,56,40,,,,,,,,,,
KG12-2,8C,G,26,31,21,21,20,29,30,24,32,17,27,37,28,56,39,20,18,18,26,43,57,49,45,50,55,88,36,63,50,50,51,37,39,51,38,41,34,38,44,32,,,,,,,,,,
KG12-2,8C,B,17,21,12,7,10,17,22,15,25,10,12,26,14,46,20,11,8,8,14,32,30,26,16,20,27,57,11,35,19,32,27,20,20,23,12,16,18,22,24,15,,,,,,,,,,
KG16-1,6B,R,26,34,37,92,42,53,48,37,40,54,29,33,45,51,37,41,63,41,111,32,58,71,44,84,78,83,52,92,75,85,65,60,85,74,24,84,56,97,78,61,81,81,85,49,67,68,55,78,50,23
KG16-1,6B,G,20,21,25,73,26,44,39,24,23,39,24,26,39,36,25,28,41,31,105,20,43,51,30,67,58,60,37,63,52,61,56,53,60,61,20,62,48,67,64,46,45,69,67,42,52,46,34,68,38,13
KG16-1,6B,B,7,7,7,32,9,27,30,13,10,25,9,10,19,21,10,15,15,19,106,8,18,17,8,34,29,22,11,27,20,31,33,29,35,40,12,29,38,29,38,21,6,29,38,16,19,23,7,32,14,3
KG16-2,8A,R,28,27,36,24,46,77,27,20,41,60,70,32,60,25,30,31,33,46,50,115,52,41,64,74,50,38,46,49,76,72,45,36,53,27,22,55,56,38,45,56,,,,,,,,,,
KG16-2,8A,G,20,20,22,16,33,71,23,13,26,42,54,27,42,16,24,20,23,35,43,104,41,32,47,56,37,30,33,38,60,53,36,30,47,18,16,38,36,24,40,37,,,,,,,,,,
KG16-2,8A,B,12,8,9,5,22,62,19,7,13,18,35,12,25,7,13,9,14,23,36,74,14,12,24,28,18,17,11,14,29,21,16,16,30,8,7,16,12,10,28,14,,,,,,,,,,
KG31-1,6C,R,34,26,17,32,50,31,33,16,41,29,65,33,61,32,41,63,51,48,47,54,92,48,53,108,53,108,83,117,87,95,44,46,37,32,59,56,92,58,63,52,89,92,80,114,71,117,42,79,84,75
KG31-1,6C,G,19,20,12,23,36,21,22,7,31,17,51,22,40,19,24,40,32,27,33,38,69,31,37,79,37,84,55,90,63,66,34,37,28,23,39,38,79,43,47,40,63,75,58,81,54,95,26,59,59,61
KG31-1,6C,B,6,7,4,15,23,9,10,3,21,9,40,7,16,8,7,15,15,4,20,21,30,8,8,31,14,43,14,54,25,16,16,18,14,12,16,13,58,21,24,16,17,39,25,34,28,50,4,27,28,27
KG31-2,8C,R,25,41,36,46,36,28,34,23,24,43,25,53,62,49,30,52,37,48,51,47,66,76,45,60,71,127,76,71,62,115,61,48,40,71,57,104,48,106,36,60,76,79,189,49,59,22,29,72,102,113
KG31-2,8C,G,19,36,23,30,26,21,24,16,15,27,19,36,44,37,18,33,22,32,37,39,47,54,39,46,52,90,55,50,46,85,48,40,27,52,44,76,35,70,27,43,62,55,186,42,48,14,20,54,72,81
KG31-2,8C,B,8,23,12,20,15,6,15,7,5,14,7,15,30,21,5,15,8,16,26,16,12,20,15,17,17,36,16,14,13,51,25,21,11,25,25,32,16,20,15,15,38,20,169,23,25,3,5,27,29,41
KG33-1,6A,R,20,41,43,39,43,47,42,41,42,37,44,42,57,41,26,33,41,50,56,41,47,74,41,55,41,50,84,81,69,109,29,42,52,46,36,26,52,38,83,76,50,41,67,85,49,58,72,79,67,53
KG33-1,6A,G,13,34,30,30,25,33,27,34,33,26,26,34,42,29,19,24,32,36,40,25,30,53,24,38,25,34,58,57,45,77,26,32,34,32,27,20,44,26,54,59,41,27,50,64,36,40,52,57,52,36
KG33-1,6A,B,6,22,18,19,13,20,18,26,26,16,8,20,23,16,9,14,22,25,27,12,10,26,5,12,8,12,34,30,22,36,6,8,11,13,8,10,26,10,20,33,12,6,25,34,16,12,28,23,30,9
KG33-2,8B,R,48,27,18,39,23,36,37,42,22,32,45,52,47,99,51,34,55,46,46,38,77,59,81,92,102,107,58,84,98,104,33,49,68,83,122,54,61,70,62,53,,,,,,,,,,
KG33-2,8B,G,35,16,11,26,13,27,27,26,11,19,36,40,33,67,32,20,41,37,30,24,62,39,65,66,86,81,41,57,75,75,26,37,48,60,103,42,44,50,40,38,,,,,,,,,,
KG33-2,8B,B,17,7,3,9,4,16,17,11,3,8,23,26,20,24,17,6,28,25,18,9,37,13,36,31,40,36,14,21,42,36,13,17,21,24,72,18,24,21,15,12,,,,,,,,,,
KG37-1,6A,R,17,51,21,17,21,39,10,34,51,47,55,43,34,38,26,35,32,41,32,45,18,57,19,55,53,103,24,95,30,12,39,36,88,39,15,28,109,68,79,22,,,,,,,,,,
KG37-1,6A,G,12,48,21,14,13,32,5,29,46,35,38,42,28,32,19,28,23,34,23,36,11,47,12,48,44,86,15,70,24,7,31,28,89,30,11,23,70,53,55,16,,,,,,,,,,
KG37-1,6A,B,8,36,10,7,8,29,2,25,42,27,20,29,23,25,14,18,14,24,13,26,4,27,6,32,21,68,9,37,18,2,14,6,90,11,6,12,26,29,23,7,,,,,,,,,,
KG37-2,8B,R,19,30,23,26,33,51,45,41,49,52,48,30,28,48,48,35,72,128,32,32,101,122,56,77,58,96,109,58,113,122,48,32,126,83,80,50,28,76,108,52,36,135,119,58,31,96,46,136,102,73
KG37-2,8B,G,11,21,17,17,25,41,40,28,36,32,31,20,23,40,28,25,47,85,22,24,66,91,41,59,48,75,78,46,86,91,38,20,94,54,59,34,19,58,93,43,21,95,83,44,23,73,37,118,67,64
KG37-2,8B,B,4,12,8,8,16,29,31,17,25,14,11,7,11,29,8,14,22,34,13,13,20,56,22,35,22,44,41,33,45,46,19,6,50,20,25,11,8,25,66,30,3,32,38,17,5,38,18,100,25,44
VB1-1,6A,R,43,32,26,34,30,30,40,65,29,51,53,71,32,31,60,51,49,46,27,50,90,83,96,86,95,99,116,98,92,133,52,59,47,53,83,27,105,44,54,78,,,,,,,,,,
VB1-1,6A,G,35,23,16,26,20,20,28,48,17,37,43,63,20,18,46,41,37,36,17,33,63,49,63,58,70,68,79,68,62,97,34,42,36,36,64,21,76,36,35,65,,,,,,,,,,
VB1-1,6A,B,29,14,10,20,14,14,22,37,9,25,33,52,9,8,37,31,27,26,7,19,41,22,33,30,47,39,37,36,26,43,14,19,19,17,42,9,43,24,17,56,,,,,,,,,,
VB1-2,8A,R,37,36,39,20,34,44,37,26,54,36,78,65,62,68,62,61,64,53,68,65,81,59,78,75,71,85,83,99,73,55,33,31,40,42,42,76,38,33,35,45,,,,,,,,,,
VB1-2,8A,G,28,26,31,12,25,34,25,17,47,24,68,49,47,45,49,48,46,40,49,45,63,37,57,54,47,57,58,75,49,39,23,20,28,29,33,59,29,23,23,32,,,,,,,,,,
VB1-2,8A,B,22,19,24,8,17,25,16,10,39,13,54,34,38,22,39,39,34,30,34,26,37,15,35,28,23,27,23,45,15,16,14,7,13,12,22,35,18,12,11,15,,,,,,,,,,
VB11-1,6C,R,40,44,21,44,36,50,51,43,53,52,43,33,26,37,50,53,53,48,52,39,67,93,67,94,114,108,116,110,96,125,51,50,59,47,77,63,57,54,65,64,54,63,72,92,78,87,74,73,69,77
VB11-1,6C,G,30,30,13,25,21,34,34,26,37,36,31,23,15,21,35,39,37,35,36,22,43,66,46,65,86,82,86,82,63,95,35,33,42,35,57,44,41,38,47,47,34,38,51,62,54,66,54,49,49,54
VB11-1,6C,B,20,19,6,15,12,22,21,10,26,22,22,14,5,11,24,29,25,25,23,10,19,44,23,40,55,53,47,46,27,57,24,21,21,20,29,22,20,20,23,25,9,13,27,31,30,38,23,18,23,30
VB11-2,8C,R,21,42,31,25,34,51,48,51,48,28,60,61,34,47,42,44,36,44,63,62,98,87,70,87,118,118,107,115,108,120,43,43,45,51,60,72,73,50,58,50,62,169,41,72,69,83,58,67,77,78
VB11-2,8C,G,12,32,21,17,25,38,34,38,38,18,42,43,18,30,25,28,20,27,38,40,69,62,44,61,91,87,80,83,75,83,27,27,30,35,45,56,51,33,46,34,44,162,24,52,47,57,37,46,50,57
VB11-2,8C,B,6,21,15,10,19,29,25,29,28,8,24,21,5,16,10,12,7,12,13,13,42,34,20,30,50,47,37,42,31,38,14,13,11,13,23,31,23,11,26,13,12,139,4,27,22,27,13,19,24,28
VB15-1,6C,R,41,55,38,38,25,52,42,41,44,48,59,45,54,44,45,62,62,56,53,44,67,82,90,77,86,108,95,102,95,109,56,45,85,84,56,58,54,55,69,49,42,70,85,57,75,68,63,75,95,60
VB15-1,6C,G,30,42,29,29,12,42,28,27,33,34,49,29,44,30,29,49,48,43,43,30,44,61,64,59,56,77,72,76,73,77,40,31,64,64,43,44,37,38,49,38,29,44,58,35,55,45,44,52,69,41
VB15-1,6C,B,21,33,22,21,4,34,19,19,23,25,40,21,35,21,18,41,37,34,34,21,22,36,42,44,29,43,47,50,46,38,22,16,43,40,27,28,17,23,28,25,6,19,22,15,30,24,25,32,44,26
VB15-2,8B,R,40,43,35,44,35,56,24,26,24,66,53,63,30,50,62,65,69,51,36,40,82,92,75,90,88,108,126,120,109,98,40,51,79,61,48,39,68,53,52,43,51,66,81,86,88,73,63,100,82,62
VB15-2,8B,G,28,29,21,33,25,39,14,15,14,46,39,46,20,33,45,51,55,32,19,20,52,62,48,60,62,74,94,89,77,69,26,33,62,44,31,26,50,35,38,34,33,42,53,60,61,47,42,67,56,38
VB15-2,8B,B,16,18,10,27,17,24,5,6,5,25,29,30,10,19,33,40,42,15,9,8,19,38,18,34,27,26,49,44,32,28,11,16,40,20,12,11,26,15,21,17,14,16,23,33,34,17,13,29,29,11
VB3-1,6B,R,56,38,37,30,63,39,24,43,77,58,62,55,60,62,58,93,64,55,45,34,63,62,115,77,82,110,56,96,86,116,60,64,69,81,53,56,39,56,64,57,,,,,,,,,,
VB3-1,6B,G,46,28,27,18,49,27,14,33,68,49,44,37,43,47,47,83,49,36,31,19,44,43,82,53,60,79,39,73,61,86,45,48,58,60,35,37,26,43,50,42,,,,,,,,,,
VB3-1,6B,B,37,18,16,9,39,15,6,25,67,40,33,23,30,36,38,80,37,23,19,7,22,22,50,21,35,38,14,40,33,46,30,29,39,34,19,19,13,25,33,23,,,,,,,,,,
VB3-2,8C,R,40,42,40,40,28,40,53,44,26,25,52,49,33,54,76,63,68,35,34,40,107,89,62,77,78,111,88,86,93,103,41,42,56,35,24,39,81,57,30,81,57,61,89,57,61,46,51,34,93,73
VB3-2,8C,G,29,28,28,31,18,30,39,29,13,14,36,30,20,44,50,54,53,19,20,24,76,68,40,52,52,79,66,62,65,73,32,29,43,24,17,29,64,39,21,63,37,44,67,39,38,30,33,21,64,55
VB3-2,8C,B,18,19,18,23,10,20,26,20,4,3,24,13,9,33,28,44,40,8,8,10,43,44,16,22,26,27,32,28,33,36,18,17,22,13,8,13,38,17,9,43,20,22,43,18,12,10,8,5,25,30
VB5-1,6A,R,21,43,28,40,25,29,45,46,16,52,40,35,44,67,47,60,54,57,38,42,44,89,81,88,85,118,83,112,128,117,64,58,55,63,77,50,43,61,62,61,,,,,,,,,,
VB5-1,6A,G,11,34,18,33,15,16,37,37,9,43,24,23,30,55,33,45,38,39,24,26,24,55,52,63,57,80,59,81,92,87,40,37,36,38,58,34,28,43,42,44,,,,,,,,,,
VB5-1,6A,B,9,29,9,28,8,3,20,29,5,37,13,15,20,46,22,35,25,25,15,13,7,30,27,38,30,32,22,40,50,49,23,16,14,13,32,13,8,20,18,18,,,,,,,,,,
VB5-2,8B,R,23,19,29,28,22,33,44,51,43,26,37,46,52,50,46,50,74,50,53,48,111,108,94,78,96,106,107,120,116,117,47,49,62,25,23,50,55,59,48,78,,,,,,,,,,
VB5-2,8B,G,18,12,18,20,14,21,33,34,36,16,22,28,35,32,31,31,53,34,36,30,77,79,61,52,73,81,81,87,83,88,28,34,48,20,15,41,41,42,33,64,,,,,,,,,,
VB5-2,8B,B,12,9,9,15,9,11,25,21,26,6,9,14,20,16,18,16,34,19,21,16,33,47,29,25,34,33,32,33,39,36,12,17,21,9,4,22,17,18,13,38,,,,,,,,,,
VB8-1,6B,R,32,41,41,37,25,33,31,47,28,44,53,43,22,36,51,30,39,28,38,37,46,62,60,85,56,94,51,51,76,83,42,35,59,42,36,32,55,85,44,59,52,47,64,59,95,44,31,61,33,71
VB8-1,6B,G,23,28,32,28,16,25,22,34,20,40,45,30,13,23,35,20,29,19,29,25,31,45,41,62,40,77,37,38,63,65,30,27,54,37,31,25,46,68,34,43,34,37,51,45,73,31,20,49,23,55
VB8-1,6B,B,18,17,24,22,9,16,16,25,14,35,37,20,5,13,23,11,20,14,20,13,19,29,25,34,23,54,21,23,46,49,23,21,48,31,26,17,33,54,25,31,11,22,32,25,57,17,6,30,9,29
VB8-2,8A,R,27,36,24,38,26,25,18,27,23,32,69,33,53,72,86,88,44,62,53,76,58,57,91,93,55,59,124,86,63,77,53,56,59,51,57,53,52,51,85,58,,,,,,,,,,
VB8-2,8A,G,19,27,15,28,17,15,10,18,14,24,58,19,38,56,68,79,26,45,36,59,39,39,74,73,37,42,104,67,46,58,40,43,49,43,45,41,44,42,68,43,,,,,,,,,,
VB8-2,8A,B,8,18,5,19,6,7,3,11,4,15,46,6,25,41,39,68,12,31,21,45,14,15,45,41,15,15,56,34,21,27,24,27,33,29,21,25,32,32,51,26,,,,,,,,,,
VD10-1,6B,R,44,90,39,38,32,47,34,40,39,27,30,54,27,34,32,38,47,33,35,50,77,50,100,109,68,55,87,43,24,68,52,34,41,51,63,47,14,27,40,55,,,,,,,,,,
VD10-1,6B,G,30,89,32,30,19,40,27,33,30,18,18,44,17,22,21,26,39,21,26,41,57,36,76,94,50,37,69,31,14,50,42,27,35,46,56,40,13,20,33,42,,,,,,,,,,
VD10-1,6B,B,19,86,24,19,9,34,21,27,22,8,7,35,7,13,10,18,31,10,17,30,39,21,60,78,27,19,48,19,5,32,39,23,28,39,47,32,8,13,25,30,,,,,,,,,,
VD10-2,8C,R,45,28,23,20,38,25,28,12,21,57,30,39,31,35,36,35,52,20,32,31,45,45,57,57,59,67,58,65,66,47,39,41,29,26,24,18,44,28,25,34,40,59,63,32,23,38,46,55,58,54
VD10-2,8C,G,36,21,16,13,24,18,18,7,14,45,21,26,21,25,25,26,45,15,23,22,28,33,39,41,45,56,42,47,48,29,30,34,23,18,17,13,36,24,16,26,23,43,47,20,14,28,33,41,41,38
VD10-2,8C,B,28,13,9,7,13,12,9,3,8,32,10,17,12,13,15,16,39,11,15,13,12,19,22,26,31,39,22,23,20,11,22,30,19,10,11,9,25,18,6,13,9,23,29,5,4,12,17,18,20,21
VD14-1,6C,R,36,55,28,46,41,42,39,50,37,35,45,41,55,101,52,59,48,45,39,40,69,86,100,79,79,99,85,109,134,94,64,46,64,45,53,42,63,38,53,52,62,80,29,71,76,53,66,42,70,67
VD14-1,6C,G,26,38,18,34,29,35,28,42,29,25,31,27,41,79,41,41,33,32,26,29,50,64,72,55,62,76,67,84,115,76,47,37,51,33,45,31,47,28,44,42,46,60,24,54,61,39,50,27,54,50
VD14-1,6C,B,20,21,10,24,17,29,19,30,21,15,20,15,30,51,30,25,22,20,14,16,27,38,35,32,39,49,41,46,101,42,26,20,35,19,34,20,25,18,29,30,17,32,10,28,35,20,26,13,30,28
VD14-2,8C,R,28,36,76,36,40,38,40,36,36,57,39,45,50,92,40,36,36,51,41,40,109,77,75,90,86,93,100,117,102,92,36,33,30,35,31,28,46,36,38,32,66,65,72,64,62,71,60,58,79,92
VD14-2,8C,G,19,25,53,25,31,30,28,27,28,40,29,33,38,85,30,27,30,36,29,26,87,52,57,65,66,74,80,94,79,71,26,24,25,28,24,22,37,27,29,24,46,51,59,48,49,56,45,45,61,73
VD14-2,8C,B,12,17,36,17,24,22,18,18,22,26,20,21,29,77,20,17,25,19,18,12,56,24,28,32,41,41,45,55,38,30,18,15,17,21,14,14,26,15,19,15,21,31,37,24,32,36,29,21,29,43
VD15-1,6A,R,53,30,42,49,42,46,38,53,49,48,43,32,36,63,55,50,44,37,55,31,64,86,93,122,42,77,94,85,112,69,64,53,52,55,81,52,37,55,54,49,,,,,,,,,,
VD15-1,6A,G,44,19,33,41,33,34,23,44,39,32,33,21,24,45,37,34,30,26,36,20,42,56,63,89,26,57,65,61,86,44,42,35,37,39,54,36,24,43,39,35,,,,,,,,,,
VD15-1,6A,B,35,12,26,30,27,25,12,37,33,20,22,10,14,26,24,24,19,16,18,10,18,28,36,55,7,29,31,31,58,18,25,18,18,21,24,18,10,30,21,19,,,,,,,,,,
VD15-2,8B,R,57,50,43,44,51,85,37,43,48,33,47,41,43,58,44,50,47,43,45,53,96,87,90,68,91,120,94,103,126,156,50,33,37,34,27,17,33,65,41,60,,,,,,,,,,
VD15-2,8B,G,41,35,29,31,35,71,27,28,32,19,29,26,25,45,27,31,29,28,27,34,69,65,64,44,67,90,71,79,98,121,40,26,29,26,18,10,25,54,32,51,,,,,,,,,,
VD15-2,8B,B,28,23,20,20,23,51,17,15,19,11,15,13,13,32,15,15,15,15,13,15,35,39,38,18,44,47,40,43,53,70,27,19,16,13,9,2,15,37,18,41,,,,,,,,,,
VD17-1,6C,R,36,40,22,18,25,43,37,27,22,23,42,57,42,39,36,60,60,88,30,88,47,115,92,102,94,63,58,59,80,60,59,68,22,56,59,61,68,40,29,54,43,48,60,63,79,76,29,23,68,27
VD17-1,6C,G,28,30,16,11,18,29,26,18,15,16,28,42,30,28,23,51,56,77,21,63,31,82,67,81,67,45,41,44,54,42,49,52,17,41,53,50,59,31,23,44,31,38,40,47,61,61,20,17,51,19
VD17-1,6C,B,18,21,12,5,11,20,16,9,9,10,15,31,21,18,13,42,51,65,14,41,17,41,44,54,41,26,24,25,24,22,38,39,12,24,41,37,49,22,15,29,14,7,15,25,39,34,6,6,28,3
VD17-2,8A,R,34,26,25,27,34,18,43,22,29,27,47,47,52,52,31,39,35,25,36,32,92,80,96,93,72,89,89,60,86,77,35,37,22,13,18,24,37,29,23,18,47,45,58,56,44,49,41,35,59,59
VD17-2,8A,G,25,17,16,20,25,10,30,13,20,18,31,35,34,42,21,23,20,17,20,18,63,56,71,64,52,62,61,43,63,60,25,30,15,10,13,19,26,19,13,14,33,30,45,44,35,32,24,20,41,45
VD17-2,8A,B,18,10,9,11,14,4,16,6,13,9,20,24,20,32,10,10,6,6,5,7,30,26,37,34,27,23,22,14,34,34,13,16,8,5,7,8,12,7,4,9,17,8,28,30,23,15,4,5,16,28
VD2-1,6A,R,42,50,70,56,50,58,57,34,54,39,37,37,50,54,37,47,50,60,41,28,79,81,70,82,70,95,80,91,89,105,68,41,57,70,48,55,62,62,54,83,48,75,70,56,41,45,62,60,69,74
VD2-1,6A,G,33,43,61,49,42,50,49,24,44,29,27,23,36,44,21,37,38,50,27,18,60,54,47,54,48,77,52,67,65,84,49,25,40,53,39,37,47,47,39,64,36,59,53,40,25,28,44,42,54,56
VD2-1,6A,B,28,36,55,45,39,44,46,17,40,20,16,14,25,36,10,28,30,40,17,7,41,30,25,28,28,54,22,39,39,60,34,14,19,31,24,17,29,31,21,41,15,42,33,13,6,11,29,18,35,34
VD2-2,8B,R,41,35,34,67,42,44,37,40,37,42,52,54,50,58,42,53,66,40,42,69,101,87,86,80,84,124,94,104,92,71,34,58,40,43,58,69,90,32,31,50,,,,,,,,,,
VD2-2,8B,G,31,25,23,50,28,28,23,30,26,32,34,35,31,38,25,35,45,25,28,50,68,57,64,55,55,92,69,81,66,47,21,41,33,33,45,53,65,24,22,37,,,,,,,,,,
VD2-2,8B,B,21,15,13,41,15,15,10,19,14,23,18,19,15,21,12,15,27,11,14,35,37,26,38,30,28,54,43,48,33,19,11,25,25,18,29,32,37,12,10,20,,,,,,,,,,
VD4-1,6B,R,44,41,32,38,40,51,45,44,46,39,65,58,44,35,54,48,52,51,40,66,72,106,99,71,92,69,65,95,121,71,39,75,62,88,61,42,70,87,91,65,,,,,,,,,,
VD4-1,6B,G,34,29,22,28,26,39,35,33,36,29,50,44,29,25,40,29,35,37,28,51,51,76,73,48,70,51,45,67,92,55,28,58,56,77,46,34,60,72,74,52,,,,,,,,,,
VD4-1,6B,B,24,20,15,19,17,29,28,25,24,19,38,35,20,16,29,16,24,28,19,40,26,52,47,25,45,34,21,34,60,33,15,40,47,64,32,21,47,56,54,38,,,,,,,,,,
VD4-2,8A,R,36,19,38,30,21,34,51,22,48,38,80,63,49,48,49,46,49,47,60,54,98,84,87,83,109,112,86,119,102,118,69,60,74,63,51,63,62,71,93,76,,,,,,,,,,
VD4-2,8A,G,27,11,29,18,13,26,37,12,35,25,60,45,30,29,29,27,30,30,43,33,61,55,62,54,77,85,67,84,78,92,51,45,56,49,40,46,53,51,70,54,,,,,,,,,,
VD4-2,8A,B,18,5,21,9,6,17,26,5,26,13,38,26,15,15,15,11,15,16,29,12,25,23,33,23,49,44,37,42,42,57,34,32,36,34,26,29,47,27,47,32,,,,,,,,,,
VE14-1,6C,R,61,34,48,45,34,27,32,62,56,55,48,60,66,37,52,41,29,25,61,42,57,61,78,55,62,44,92,94,42,57,66,52,57,45,62,72,68,69,41,56,92,64,82,60,46,58,65,86,53,60
VE14-1,6C,G,52,31,44,40,27,17,26,55,47,37,36,48,59,21,45,22,17,14,53,28,38,47,61,43,47,28,69,67,28,39,51,43,46,35,41,57,53,49,29,36,62,49,65,43,31,40,49,56,40,47
VE14-1,6C,B,43,26,39,34,18,8,22,49,38,20,28,39,50,12,39,8,8,8,42,17,22,35,49,30,32,14,43,39,14,15,34,30,32,24,21,40,35,30,16,18,25,25,42,21,14,21,26,22,22,30
VE14-2,8C,R,64,55,44,30,54,17,45,45,29,38,58,68,47,68,92,61,35,51,23,46,57,78,59,52,54,91,46,48,52,57,52,36,33,48,34,34,36,80,30,49,,,,,,,,,,
VE14-2,8C,G,55,50,34,20,44,9,25,35,21,30,48,57,31,49,81,43,21,43,16,29,36,61,41,35,38,65,28,29,30,33,39,26,25,42,26,25,24,63,22,33,,,,,,,,,,
VE14-2,8C,B,43,46,25,12,33,4,5,26,16,24,39,48,16,35,77,27,9,32,9,11,15,46,21,17,24,30,10,8,9,9,27,15,14,31,14,15,11,43,11,17,,,,,,,,,,
VE15-1,6B,R,37,34,55,45,23,27,42,16,50,24,26,48,67,39,34,26,58,43,53,53,51,95,54,47,64,127,50,69,58,117,34,27,36,55,77,70,28,29,60,37,,,,,,,,,,
VE15-1,6B,G,30,28,39,38,16,20,28,9,47,16,21,37,62,31,28,19,42,32,45,42,33,69,34,30,45,113,32,49,39,86,31,25,28,34,53,57,23,25,42,27,,,,,,,,,,
VE15-1,6B,B,20,22,27,32,12,13,16,4,41,10,17,31,55,25,22,11,31,25,32,34,14,42,15,13,27,102,15,24,12,43,24,18,20,16,30,38,15,19,29,16,,,,,,,,,,
VE15-2,8B,R,47,42,33,64,49,36,16,41,39,27,43,45,42,47,59,55,51,22,19,50,61,81,71,49,76,76,55,80,75,46,28,32,36,34,63,27,39,30,35,33,47,33,65,41,37,30,52,28,28,22
VE15-2,8B,G,40,36,24,59,40,27,11,32,31,20,33,35,33,33,45,48,43,15,10,40,43,65,50,32,52,53,35,57,55,29,21,23,25,24,56,19,32,26,29,25,37,24,36,29,28,18,36,16,19,16
VE15-2,8B,B,34,29,15,49,31,19,7,24,24,13,27,25,25,27,35,37,32,9,7,30,22,43,29,15,26,23,12,25,28,6,11,14,13,15,44,8,19,21,22,14,20,8,6,15,16,7,15,4,7,5
VE18-1,6A,R,49,43,37,31,34,19,25,16,25,16,32,69,30,27,50,43,37,13,33,21,57,32,74,32,69,35,38,26,34,58,54,47,46,45,47,48,44,37,56,58,40,82,28,52,51,39,38,64,67,36
VE18-1,6A,G,43,36,32,24,24,14,19,11,18,10,25,62,21,19,45,35,27,8,22,13,43,23,63,23,55,25,29,17,22,40,45,37,36,39,36,35,34,29,43,44,28,55,16,34,44,29,25,50,57,28
VE18-1,6A,B,40,27,26,17,21,9,15,7,12,5,18,53,15,11,38,28,17,4,12,6,28,14,51,14,45,16,19,8,11,26,28,27,24,31,24,22,19,18,26,27,11,23,3,15,24,17,13,30,32,11
VE18-2,8A,R,79,26,41,53,56,32,21,38,39,28,53,38,61,41,53,35,52,36,73,49,53,82,74,59,56,63,51,64,44,50,31,34,28,23,37,28,32,60,33,37,34,42,63,46,50,48,64,57,64,44
VE18-2,8A,G,74,20,38,51,53,25,13,29,29,21,40,24,51,31,39,23,40,23,64,39,35,63,56,45,38,47,34,53,33,32,21,27,21,18,30,25,30,43,26,29,26,33,48,32,36,41,47,42,58,31
VE18-2,8A,B,69,15,32,47,48,18,7,21,21,12,30,15,38,23,29,18,30,13,61,29,18,46,37,28,18,28,11,36,23,14,10,21,11,10,22,19,25,28,23,21,15,25,27,13,24,32,27,24,43,14
VE30-1,6C,R,37,38,40,40,20,74,14,20,46,58,42,51,43,50,48,23,33,47,52,52,91,51,87,85,76,87,94,109,94,84,60,59,44,47,40,66,61,52,97,41,,,,,,,,,,
VE30-1,6C,G,30,30,33,31,10,72,6,10,41,51,27,36,25,36,38,13,23,33,33,39,63,32,69,68,51,64,69,86,75,58,46,50,31,35,28,57,47,43,90,29,,,,,,,,,,
VE30-1,6C,B,27,25,28,26,3,68,3,3,37,44,16,22,12,25,31,5,13,24,19,30,39,15,47,47,30,33,27,45,48,22,32,34,19,21,14,44,34,30,74,17,,,,,,,,,,
VE30-2,8A,R,35,49,23,24,19,22,25,47,47,56,39,41,57,42,44,38,53,66,53,44,90,73,52,58,82,79,48,69,35,49,79,70,45,41,47,39,78,69,58,87,,,,,,,,,,
VE30-2,8A,G,26,42,15,15,12,13,11,40,41,43,24,27,48,25,34,21,43,56,34,34,71,55,38,42,62,63,31,48,21,36,63,57,34,32,37,31,60,55,46,74,,,,,,,,,,
VE30-2,8A,B,16,33,7,7,5,6,2,32,34,33,13,19,39,15,19,10,32,46,19,23,52,36,25,27,38,40,8,22,8,15,40,35,22,21,25,18,36,38,33,54,,,,,,,,,,
VE32-1,6A,R,49,40,64,46,56,18,24,27,20,17,45,39,41,42,67,27,16,31,37,30,74,56,67,73,60,33,24,33,29,70,54,67,36,22,56,69,62,78,52,29,,,,,,,,,,
VE32-1,6A,G,43,33,57,30,52,9,17,18,15,13,33,30,35,33,59,18,11,22,32,20,56,46,52,59,44,24,15,19,18,51,41,46,26,17,39,50,52,61,41,17,,,,,,,,,,
VE32-1,6A,B,38,26,49,22,48,6,10,14,11,9,22,23,30,28,53,11,7,15,27,11,42,34,42,48,34,14,5,8,7,35,26,31,14,7,21,31,40,43,29,4,,,,,,,,,,
VE32-2,8B,R,36,46,64,33,52,46,79,43,29,23,40,41,83,27,38,70,28,26,84,55,71,72,66,51,50,42,74,55,61,43,37,89,48,41,49,49,47,37,43,37,,,,,,,,,,
VE32-2,8B,G,29,35,54,25,43,36,70,24,20,14,29,27,66,18,26,61,19,17,68,43,49,53,47,35,37,24,46,39,44,31,30,72,34,32,36,33,37,28,35,24,,,,,,,,,,
VE32-2,8B,B,19,27,43,15,26,24,60,10,12,6,21,19,52,10,18,50,10,12,56,30,26,36,27,20,24,4,15,16,23,16,22,45,18,20,25,18,21,14,22,8,,,,,,,,,,
VE5-1,6B,R,38,83,35,31,47,43,21,34,90,32,59,68,51,58,62,77,58,87,59,47,71,92,77,88,71,62,90,96,111,74,75,60,39,36,84,62,93,115,48,58,62,68,49,58,93,66,57,49,69,72
VE5-1,6B,G,28,79,28,22,37,35,14,25,86,20,50,58,48,54,43,65,49,70,50,37,52,78,52,69,54,44,76,84,94,55,56,48,30,24,69,47,74,94,39,38,40,53,31,37,68,41,38,33,47,52
VE5-1,6B,B,22,74,22,16,26,31,6,18,80,10,43,54,43,52,32,56,45,58,44,30,34,68,32,52,35,24,59,68,70,37,41,35,18,13,51,29,54,70,30,22,13,42,9,14,40,16,22,11,25,21
VE5-2,8C,R,84,52,55,49,32,34,66,63,68,20,26,55,64,71,42,34,36,69,72,84,101,75,81,99,44,55,84,102,88,96,66,85,35,53,92,48,62,58,73,26,62,55,69,68,73,54,87,72,75,81
VE5-2,8C,G,76,42,44,40,24,21,58,58,59,12,18,44,53,56,32,23,28,46,63,74,78,51,61,79,30,37,60,83,72,83,56,63,25,37,75,33,47,45,53,18,38,34,44,44,55,32,66,42,51,61
VE5-2,8C,B,66,36,34,33,17,15,50,54,49,6,12,38,48,48,25,14,24,28,56,67,53,26,43,63,19,20,38,56,56,59,44,43,15,20,58,18,31,29,28,10,14,10,20,17,37,12,46,14,28,35
VF1-1,6B,R,19,28,27,37,22,41,26,44,22,24,47,63,48,27,31,33,81,44,55,40,84,69,48,85,42,35,48,72,56,59,40,48,77,36,70,59,24,63,41,53,55,72,51,46,44,40,33,40,40,49
VF1-1,6B,G,10,19,18,21,13,30,17,30,14,14,35,39,35,16,19,19,65,29,35,27,62,49,30,63,30,21,27,54,36,41,31,33,60,27,50,46,19,50,28,36,42,46,32,26,29,29,18,24,24,30
VF1-1,6B,B,6,12,8,6,7,21,7,21,5,6,25,21,28,11,13,8,44,18,18,17,41,29,9,41,20,8,6,30,13,19,25,24,48,20,36,37,14,41,22,24,26,21,12,7,11,14,4,7,6,10
VF1-2,8C,R,41,39,26,18,22,57,28,36,27,57,33,62,33,31,64,34,33,31,39,51,66,76,49,43,52,55,80,68,66,55,34,41,32,39,44,43,18,38,45,42,70,33,36,37,31,35,36,50,25,54
VF1-2,8C,G,32,29,16,11,13,47,16,23,18,35,24,52,20,17,58,20,21,20,27,41,48,54,30,27,38,35,64,51,46,37,25,30,21,30,32,35,12,29,38,35,45,20,25,23,18,21,26,33,15,40
VF1-2,8C,B,27,20,8,5,6,37,8,13,8,15,14,42,14,11,50,10,12,13,18,31,28,32,15,12,22,10,48,30,21,13,16,21,11,19,23,23,7,19,32,25,21,8,16,10,10,9,14,18,6,30
VF12-1,6B,R,53,40,34,26,42,47,34,22,28,18,70,40,28,38,39,59,35,47,30,25,52,46,56,63,69,83,62,52,67,76,32,30,52,89,76,66,71,33,37,30,,,,,,,,,,
VF12-1,6B,G,44,24,22,17,24,31,23,12,18,9,59,25,17,24,23,43,20,28,22,14,28,27,34,41,46,56,35,30,43,46,24,21,38,70,58,44,52,25,27,21,,,,,,,,,,
VF12-1,6B,B,35,14,10,8,11,17,13,5,8,5,54,12,9,15,14,30,9,15,11,8,6,8,13,18,24,29,8,7,17,16,16,15,26,56,46,27,36,16,18,14,,,,,,,,,,
VF12-2,8A,R,39,45,34,37,33,45,35,35,48,23,71,56,26,50,47,44,36,41,32,44,56,59,83,48,92,72,57,70,68,77,39,56,34,43,35,31,46,29,58,33,,,,,,,,,,
VF12-2,8A,G,22,27,23,21,18,31,22,23,30,16,57,42,13,36,26,27,19,28,22,34,35,41,61,35,70,49,41,52,46,56,29,39,23,29,24,23,32,20,40,25,,,,,,,,,,
VF12-2,8A,B,9,12,11,8,7,21,13,14,15,8,44,31,5,27,9,14,8,18,12,24,16,22,51,19,44,19,21,29,18,29,20,25,13,19,17,16,18,12,25,16,,,,,,,,,,
VF23-1,6A,R,25,26,28,35,25,47,29,26,52,25,39,63,44,48,39,49,51,36,45,43,51,50,57,61,48,55,40,91,56,70,28,44,41,33,45,44,31,17,40,26,,,,,,,,,,
VF23-1,6A,G,20,20,21,29,15,40,17,17,43,19,22,52,30,34,28,32,40,24,26,26,31,33,39,42,28,38,22,61,43,52,18,28,27,22,32,28,22,11,25,17,,,,,,,,,,
VF23-1,6A,B,16,14,16,24,8,34,7,10,37,15,12,43,21,24,18,22,34,13,11,12,16,19,19,23,9,22,6,29,26,30,9,15,16,13,23,14,13,5,11,8,,,,,,,,,,
VF23-2,8A,R,32,52,34,37,26,22,36,26,21,32,31,56,55,55,116,40,38,57,34,32,54,39,75,59,48,50,60,71,77,52,48,47,36,39,28,21,46,27,36,51,,,,,,,,,,
VF23-2,8A,G,18,41,20,23,15,13,26,17,11,21,18,40,37,38,104,23,21,39,18,17,33,21,54,37,27,33,38,52,55,32,34,36,26,29,21,15,33,21,32,44,,,,,,,,,,
VF23-2,8A,B,9,31,9,12,7,4,14,7,5,10,8,27,25,23,100,9,7,25,7,7,6,8,27,12,6,8,14,21,17,8,21,24,16,19,14,11,21,12,24,28,,,,,,,,,,
VF31-1,6A,R,40,34,31,34,68,29,26,27,22,62,59,33,39,32,32,38,31,32,49,36,85,90,43,54,103,95,74,56,42,90,89,67,55,82,72,31,38,110,55,65,,,,,,,,,,
VF31-1,6A,G,26,20,17,21,54,17,14,16,14,48,49,21,26,18,20,22,21,22,38,22,59,67,25,34,77,59,51,35,25,64,62,48,40,64,48,20,26,91,43,47,,,,,,,,,,
VF31-1,6A,B,17,10,7,9,44,10,6,8,8,37,39,13,18,9,14,11,11,12,29,13,34,43,10,14,60,24,22,16,10,31,33,34,28,48,30,8,15,75,35,36,,,,,,,,,,
VF31-2,8B,R,29,22,27,36,26,29,36,44,44,46,41,38,30,43,32,28,46,45,47,53,82,61,74,87,69,62,66,43,47,85,46,45,49,38,35,29,28,36,47,71,,,,,,,,,,
VF31-2,8B,G,15,12,17,27,16,19,22,34,25,34,32,24,16,25,17,18,34,34,33,42,58,36,49,62,49,41,41,26,29,55,31,31,39,28,24,22,20,29,33,55,,,,,,,,,,
VF31-2,8B,B,4,5,7,17,8,9,13,24,10,25,23,15,7,13,5,8,25,25,16,32,34,13,25,36,23,15,14,6,6,23,16,20,30,18,17,13,12,19,18,38,,,,,,,,,,
VF39-1,6C,R,28,36,37,25,25,41,41,50,40,37,33,36,48,52,56,55,54,51,52,52,62,52,91,71,45,61,58,58,77,55,34,27,44,53,51,41,44,31,38,46,41,53,65,54,40,29,47,34,51,54
VF39-1,6C,G,19,27,27,17,12,32,31,33,30,28,22,20,35,42,42,42,44,41,42,38,43,33,66,48,27,43,37,40,58,39,24,21,32,36,35,33,35,22,31,35,33,40,50,42,32,22,40,31,45,45
VF39-1,6C,B,13,21,19,11,5,24,21,20,20,19,12,8,27,32,32,30,32,31,31,26,26,14,45,29,10,23,11,16,39,24,15,16,20,25,24,23,26,15,23,25,21,18,27,22,21,9,26,24,34,26
VF39-2,8B,R,37,45,43,25,25,32,38,41,28,34,27,40,47,24,29,38,49,63,36,57,49,42,69,72,63,72,93,47,80,64,30,42,40,42,32,32,41,34,41,53,45,48,30,39,53,57,29,41,54,60
VF39-2,8B,G,26,33,25,15,16,19,26,25,18,20,18,28,33,14,17,22,31,45,19,32,29,26,45,47,40,44,70,29,55,44,20,28,31,33,21,21,28,26,33,40,30,30,17,23,38,37,19,30,39,41
VF39-2,8B,B,18,19,11,8,9,10,15,10,8,8,9,19,24,7,8,7,12,29,8,14,7,13,19,24,16,17,35,7,22,20,9,19,21,25,11,9,14,15,22,25,17,6,5,9,22,10,9,19,22,20
VF40-1,6C,R,30,31,39,22,51,36,46,26,32,32,100,45,43,75,40,43,37,58,43,31,51,72,50,62,57,71,47,70,44,65,38,33,48,90,35,32,33,54,20,29,63,53,52,43,49,45,47,78,65,42
VF40-1,6C,G,21,21,27,13,32,29,36,14,23,25,93,28,25,58,24,24,21,40,31,21,33,54,31,38,39,53,29,49,31,49,28,26,34,70,30,25,28,44,15,22,44,39,38,31,32,41,30,63,47,26
VF40-1,6C,B,12,11,15,6,19,20,27,6,14,15,90,18,14,54,12,10,10,20,20,11,16,34,14,16,19,30,9,22,12,29,20,22,23,55,26,19,24,33,11,17,28,24,25,15,15,29,10,39,24,9
VF40-2,8C,R,41,47,23,25,24,45,19,37,24,37,74,48,34,47,43,41,46,31,34,50,47,51,51,66,62,64,58,47,50,66,30,46,32,42,30,26,20,58,43,20,45,53,41,61,48,42,33,51,64,47
VF40-2,8C,G,31,33,14,15,15,35,12,30,12,24,65,34,20,28,29,23,37,18,20,40,29,30,34,47,44,45,39,30,32,50,23,36,22,33,23,20,16,44,37,15,30,34,25,44,40,23,20,36,45,30
VF40-2,8C,B,23,23,6,8,7,26,6,22,5,15,55,23,10,14,18,9,26,8,7,31,9,10,12,31,24,16,13,7,10,27,14,23,14,25,16,13,11,32,28,11,12,10,9,27,29,7,7,20,23,13
VG1-1,6C,R,51,69,75,52,48,66,59,67,26,33,58,67,76,73,79,47,54,51,54,56,118,116,123,134,120,96,109,99,119,107,74,91,68,57,38,39,64,51,64,47,70,23,68,87,77,75,63,49,42,51
VG1-1,6C,G,41,59,71,40,37,60,50,63,15,22,44,52,64,59,66,36,40,37,41,37,91,86,91,106,92,75,80,76,90,77,57,68,52,45,29,32,56,44,51,39,52,14,52,67,61,58,48,34,33,36
VG1-1,6C,B,32,50,62,31,33,56,41,59,9,13,29,39,52,47,52,25,27,25,25,20,61,55,57,78,61,46,47,48,61,43,39,44,33,30,22,22,45,32,37,28,29,3,34,39,43,36,30,18,18,16
VG1-2,8C,R,34,66,65,40,35,35,52,59,46,51,91,68,55,80,52,42,64,46,48,66,104,109,76,76,111,102,99,115,77,62,40,67,40,70,48,52,38,75,91,44,100,69,69,49,51,79,66,72,68,101
VG1-2,8C,G,24,43,56,31,27,24,45,54,39,41,73,50,38,63,34,25,48,29,30,47,79,85,53,56,81,72,78,86,55,43,29,49,28,54,34,39,32,56,72,30,74,51,53,33,33,58,45,54,47,73
VG1-2,8C,B,15,26,46,23,18,12,39,50,33,32,57,33,24,45,15,11,30,15,12,24,43,57,30,31,50,35,47,45,31,15,18,30,17,39,19,24,21,39,49,15,45,25,27,10,12,33,20,28,16,42
VG17-1,6C,R,50,54,46,18,43,41,34,59,53,30,66,51,43,39,63,54,42,23,43,43,78,107,100,78,102,66,77,73,113,56,35,121,72,68,75,62,55,71,96,40,18,53,105,64,80,31,88,59,47,69
VG17-1,6C,G,40,45,36,9,31,28,26,54,43,22,48,36,29,27,52,46,32,16,29,31,54,81,74,57,77,51,59,57,92,43,26,91,63,55,63,48,49,59,76,30,10,40,85,58,61,22,75,42,37,52
VG17-1,6C,B,29,37,22,3,20,17,17,51,32,11,33,20,13,11,40,33,19,5,14,18,27,46,40,31,41,23,30,28,56,15,18,55,46,35,43,24,34,38,47,18,1,16,57,40,27,7,46,16,23,25
VG17-2,8B,R,54,58,41,59,54,46,45,37,42,40,59,63,61,64,68,54,53,74,42,61,123,106,87,124,94,96,109,109,129,78,59,56,64,68,56,60,60,69,53,63,,,,,,,,,,
VG17-2,8B,G,38,42,27,43,44,36,34,29,33,30,40,46,44,44,48,36,38,60,28,41,96,81,68,95,72,78,85,85,100,60,43,39,47,52,41,46,44,52,42,47,,,,,,,,,,
VG17-2,8B,B,24,28,14,29,33,26,22,21,26,21,23,31,26,20,25,15,22,47,13,20,49,48,35,56,38,36,42,44,49,24,25,19,24,30,24,20,24,27,24,19,,,,,,,,,,
VG21-1,6B,R,54,32,45,39,49,44,42,43,70,43,58,55,47,52,67,40,57,48,65,44,111,94,127,110,99,134,129,153,128,146,51,41,43,57,55,69,64,66,76,28,,,,,,,,,,
VG21-1,6B,G,42,22,30,25,41,34,33,35,64,37,42,37,29,39,49,32,48,34,44,32,87,68,98,86,70,105,97,120,104,116,39,33,33,44,46,51,53,58,63,25,,,,,,,,,,
VG21-1,6B,B,34,12,16,16,30,27,25,24,58,29,26,26,14,27,29,21,36,22,24,22,58,39,55,49,39,53,47,62,63,66,23,22,21,28,29,29,33,41,43,20,,,,,,,,,,
VG21-2,8B,R,53,42,36,35,62,61,32,53,46,22,81,64,56,65,72,65,62,49,58,74,102,92,105,116,103,107,111,47,129,108,46,66,41,37,33,10,25,67,41,47,,,,,,,,,,
VG21-2,8B,G,43,32,28,27,49,54,23,42,40,11,65,47,38,49,51,49,47,31,45,54,78,71,77,89,75,88,92,37,106,90,32,55,31,28,25,9,21,54,35,41,,,,,,,,,,
VG21-2,8B,B,33,21,17,17,36,48,15,32,33,2,37,27,18,34,31,32,29,13,26,29,42,37,41,49,34,45,45,15,67,48,19,37,19,15,14,4,11,28,20,28,,,,,,,,,,
VG39-1,6A,R,76,76,64,77,67,76,56,66,36,53,103,91,69,96,45,57,71,63,43,52,100,130,146,133,90,104,83,126,146,107,29,52,75,72,31,17,55,46,24,64,,,,,,,,,,
VG39-1,6A,G,67,67,51,66,56,67,47,59,25,43,85,76,55,80,28,45,57,50,29,36,71,101,114,102,72,81,65,101,114,83,16,40,61,52,21,11,39,38,18,59,,,,,,,,,,
VG39-1,6A,B,60,60,42,57,49,59,39,51,11,33,64,55,38,59,11,27,42,34,13,18,40,67,84,65,47,48,38,71,73,49,7,24,47,30,12,2,18,25,11,40,,,,,,,,,,
VG39-2,8A,R,31,40,47,73,39,55,41,54,69,45,62,82,67,62,62,59,64,69,65,63,97,106,90,79,69,74,92,85,60,88,38,71,81,70,41,27,52,38,93,61,36,40,51,45,38,39,48,42,46,49
VG39-2,8A,G,21,30,34,63,33,47,32,47,59,36,46,62,50,46,46,47,56,62,56,55,74,80,69,57,52,61,74,69,48,76,33,58,75,59,33,23,46,37,80,52,19,26,40,31,25,23,36,26,30,34
VG39-2,8A,B,11,20,21,52,22,36,23,41,52,26,29,38,36,29,29,33,47,50,46,44,43,49,39,29,28,37,49,41,31,49,21,41,52,45,22,15,39,32,56,43,4,11,30,15,16,8,24,10,16,17
VG6-1,6B,R,70,44,52,28,35,56,50,61,62,43,70,60,67,69,57,68,59,63,43,42,97,112,73,94,91,118,142,60,110,102,33,67,49,72,71,81,69,89,91,47,,,,,,,,,,
VG6-1,6B,G,52,28,40,20,20,48,40,50,53,33,52,44,51,48,40,52,42,49,33,27,72,84,53,69,63,100,115,52,89,80,26,51,37,55,52,66,56,71,72,36,,,,,,,,,,
VG6-1,6B,B,29,14,28,13,5,39,32,39,42,19,31,21,37,24,18,32,26,31,20,9,36,47,22,35,30,59,63,30,47,39,17,32,21,31,30,46,35,47,45,21,,,,,,,,,,
VG6-2,8C,R,62,46,66,51,61,88,44,54,42,55,77,47,85,70,87,86,75,76,64,80,96,131,70,73,96,116,133,142,111,142,42,51,32,53,36,73,65,46,41,49,48,36,39,63,56,55,33,4,67,37
VG6-2,8C,G,48,37,48,37,48,77,28,48,35,43,56,31,66,48,71,64,61,58,52,60,73,105,52,56,75,100,112,120,93,118,34,40,25,45,30,67,51,41,36,44,35,28,28,47,45,42,26,3,55,30
VG6-2,8C,B,32,24,29,21,33,66,11,42,27,32,29,13,45,23,49,31,40,33,35,37,38,63,25,27,41,55,62,67,54,64,19,24,14,32,16,47,30,27,24,31,15,9,13,22,24,20,11,0,33,11
VG8-1,6A,R,60,76,67,79,77,72,66,51,67,64,72,71,85,71,63,68,67,73,70,78,66,109,115,94,73,118,122,137,121,123,64,57,63,35,77,47,43,79,27,40,71,89,59,45,52,71,77,47,77,36
VG8-1,6A,G,42,58,50,64,57,62,51,39,56,50,55,52,67,53,45,50,49,55,52,60,44,82,83,67,54,89,92,109,96,95,45,39,45,23,52,33,35,60,19,32,56,72,45,31,42,51,64,36,60,24
VG8-1,6A,B,30,45,38,54,44,57,38,29,45,36,38,34,47,33,28,30,29,33,32,40,17,47,52,33,30,49,48,69,55,57,22,17,24,11,24,16,22,30,7,19,34,46,24,14,27,27,40,17,36,10
VG8-2,8A,R,61,78,57,90,53,61,61,65,107,49,78,61,74,67,69,62,80,87,70,52,87,81,84,71,85,103,105,80,105,128,83,64,77,102,77,61,67,59,99,110,,,,,,,,,,
VG8-2,8A,G,43,71,46,74,48,50,43,46,93,36,58,42,52,46,52,47,64,79,50,35,63,64,63,51,64,83,83,63,80,108,65,50,63,95,64,51,58,53,86,95,,,,,,,,,,
VG8-2,8A,B,28,62,21,59,18,41,22,32,80,16,38,21,29,21,34,28,46,60,25,14,30,36,34,24,33,48,41,33,37,64,46,38,52,89,49,39,46,49,71,78,,,,,,,,,,